government_permit_type,/datasets/bulk/ltu76/governement/documents/passportindex.org,passportindex.org.zip,passportindex.org,3,world/governement/document
organization_brands_logo_logopedia_org,/datasets/bulk/ltu76/organization/brands/logos/logopedia.org,logopedia.org.zip,logopedia.org,3,world/orginization/brands/logopedia.org
creative_work_movies_amazon_instant_video,/datasets/bulk/ltu76/creative_work/instant_video/amazon.com-aiv,amazon.com-aiv.zip,amazon.com-aiv,3,world/creative/vod_movies_tv
creative_work_books_goodreads_com,/datasets/bulk/ltu76/creative_work/books/goodreads.com,creative_work_books_goodreads.com.zip,goodreads.com,3,world/creative/books/goodreads.com
person_comedian,/datasets/bulk/ltu76/person,comedian.zip,person,3,person/comedian/english
person_celebrities_cross_invariant_age,/datasets/bulk/ltu76/person,celebrities_cross_invariant.zip,person,3,person/celebrities/cross-invariant-age
creative_work_artwork_tate_gov_uk,/datasets/bulk/ltu76/creative_work/artworks/tate.org.uk,tate.org.uk.zip,tate.org.uk,3,world/creative/art/gb/london
usa_west_cache_001,,,,,usa/west/cache/001
usa_east_cache_002,,,,,usa/east/cache/002
europe_cache_003,,,,,europe/cache/003
japan_cache_004,,,,,japan/cache/004
blippar_connect_default,,,,,blippar/connect/default
blippar_hub_default,,,,,blippar/hub/default
americas_AI_Anguilla,,,,,americas/AI_Anguilla
americas_AG_Antigua-and-Barbuda,,,,,americas/AG_Antigua-and-Barbuda
americas_AR_Argentina,,,,,americas/AR_Argentina
americas_AW_Aruba,,,,,americas/AW_Aruba
americas_BS_Bahamas,,,,,americas/BS_Bahamas
americas_BB_Barbados,,,,,americas/BB_Barbados
americas_BZ_Belize,,,,,americas/BZ_Belize
americas_BM_Bermuda,,,,,americas/BM_Bermuda
americas_BO_Bolivia,,,,,americas/BO_Bolivia
americas_BR_Brazil,,,,,americas/BR_Brazil
americas_VG_British-Virgin-Islands,,,,,americas/VG_British-Virgin-Islands
americas_CA_Canada,,,,,americas/CA_Canada
americas_KY_Cayman-Islands,,,,,americas/KY_Cayman-Islands
americas_CL_Chile,,,,,americas/CL_Chile
americas_CO_Colombia,,,,,americas/CO_Colombia
americas_CR_Costa-Rica,,,,,americas/CR_Costa-Rica
americas_CU_Cuba,,,,,americas/CU_Cuba
americas_DM_Dominica,,,,,americas/DM_Dominica
americas_DO_Dominican-Republic,,,,,americas/DO_Dominican-Republic
americas_EC_Ecuador,,,,,americas/EC_Ecuador
americas_SV_El-Salvador,,,,,americas/SV_El-Salvador
americas_FK_Falkland-Islands,,,,,americas/FK_Falkland-Islands
americas_GF_French-Guiana,,,,,americas/GF_French-Guiana
americas_GL_Greenland,,,,,americas/GL_Greenland
americas_GD_Grenada,,,,,americas/GD_Grenada
americas_GP_Guadeloupe,,,,,americas/GP_Guadeloupe
americas_GT_Guatemala,,,,,americas/GT_Guatemala
americas_GY_Guyana,,,,,americas/GY_Guyana
americas_HT_Haiti,,,,,americas/HT_Haiti
americas_HN_Honduras,,,,,americas/HN_Honduras
americas_JM_Jamaica,,,,,americas/JM_Jamaica
americas_MQ_Martinique,,,,,americas/MQ_Martinique
americas_MX_Mexico,,,,,americas/MX_Mexico
americas_MS_Montserrat,,,,,americas/MS_Montserrat
americas_AN_Netherlands-Antilles,,,,,americas/AN_Netherlands-Antilles
americas_NI_Nicaragua,,,,,americas/NI_Nicaragua
americas_PA_Panama,,,,,americas/PA_Panama
americas_PY_Paraguay,,,,,americas/PY_Paraguay
americas_PE_Peru,,,,,americas/PE_Peru
americas_PR_Puerto-Rico,,,,,americas/PR_Puerto-Rico
americas_BL_Saint-Barth_¸lemy,,,,,americas/BL_Saint-Barth_¸lemy
americas_KN_Saint-Kitts-and-Nevis,,,,,americas/KN_Saint-Kitts-and-Nevis
americas_LC_Saint-Lucia,,,,,americas/LC_Saint-Lucia
americas_MF_Saint-Martin,,,,,americas/MF_Saint-Martin
americas_PM_Saint-Pierre-and-Miquelon,,,,,americas/PM_Saint-Pierre-and-Miquelon
americas_VC_Saint-Vincent-and-the-Grenadines,,,,,americas/VC_Saint-Vincent-and-the-Grenadines
americas_SR_Suriname,,,,,americas/SR_Suriname
americas_TT_Trinidad-and-Tobago,,,,,americas/TT_Trinidad-and-Tobago
americas_TC_Turks-and-Caicos-Islands,,,,,americas/TC_Turks-and-Caicos-Islands
americas_VI_U.S.-Virgin-Islands,,,,,americas/VI_U.S.-Virgin-Islands
americas_US_United-States,,,,,americas/US_United-States
americas_UY_Uruguay,,,,,americas/UY_Uruguay
americas_VE_Venezuela,,,,,americas/VE_Venezuela
usa_antiques
usa_art
usa_baby
usa_books
usa_business_and_industrial
usa_cameras_and_photo
usa_cell_phones_and_accessories
usa_clothing_shoes_and_accessories
usa_coins_and_paper_money
usa_collectibles
usa_computers_tablets_and_networking
usa_consumer_electronics
usa_crafts
usa_dolls_and_bears
usa_dvds_and_movies
usa_entertainment_memorabilia
usa_everything_else
usa_gift_cards_and_coupons
usa_health_and_beauty
usa_home_and_garden
usa_jewelry_and_watches
usa_music
usa_musical_instruments_and_gear
usa_pet_supplies
usa_pottery_and_glass
usa_real_estate
usa_specialty_services
usa_sporting_goods
usa_sports_mem_cards_and_fan_shop
usa_stamps
usa_tickets_and_experiences
usa_toys_and_hobbies
usa_travel
usa_video_games_and_consoles
